﻿<?xml version="1.0" encoding="utf-8"?>
<key id="af84d4a2-1cee-401c-9d77-518f02db0e0e" version="1">
  <creationDate>2020-08-31T16:18:50.8656879Z</creationDate>
  <activationDate>2020-08-31T16:18:50.8460687Z</activationDate>
  <expirationDate>2020-11-29T16:18:50.8460687Z</expirationDate>
  <descriptor deserializerType="Microsoft.AspNetCore.DataProtection.AuthenticatedEncryption.ConfigurationModel.AuthenticatedEncryptorDescriptorDeserializer, Microsoft.AspNetCore.DataProtection, Version=3.1.6.0, Culture=neutral, PublicKeyToken=adb9793829ddae60">
    <descriptor>
      <encryption algorithm="AES_256_CBC" />
      <validation algorithm="HMACSHA256" />
      <masterKey p4:requiresEncryption="true" xmlns:p4="http://schemas.asp.net/2015/03/dataProtection">
        <!-- Warning: the key below is in an unencrypted form. -->
        <value>PuoVAFmoJ6xLXDzney+LfNaaw83NCtcn0x/q7MM6C0xllTrs7kkIpqcprn8jQL+V5bUuEfjDPYvWIBlkaz3KiA==</value>
      </masterKey>
    </descriptor>
  </descriptor>
</key>